表格 1,
,
,IDS
,devwindsor
,natasupernova
,sofiarichie
,annev
,theeyetravels
,rebeccalaurey
,natalieoffduty
,alexachung
,bettinalooney
,theangelcloset
,chiaraferragni
,doutzen
,kendalljenner
,karliekloss
,skriverscloset
,lovegrace_e
,soojmooj
,devonleecarlson
,gabriellamichin
,josephineskriver
,minruir
,irinashayk
,_jeanettemadsen_
,laurinda_ho
,emilisindlev
,vikyandthekid
,thefashionguitar
,jaimetoutcheztoi
,bonniechenbige
,sylviemus_
,ninasandbech
,florriet
,rebeccalaurey
,isabella.leong
,jujujuxiaowen
,frackowiakmagdalena
,bettinalooney
,rebeccalaurey
,irinalakicevic
,shupeicute
,vittoceretti
,ellefanning
,meghanroche
,sashaluss
,lilyrose_depp
,victoriajustice
,rebeccalaurey
,sola5532
,hannahbaxward
,thehautepursuit
,anoukyve
,galagonzalez
,xeniaadonts
,florriet
,laurenjdg
,jerrylorenzo
,giizeleoliveira
,katebosworth
,sjkuksee
,eagletta
,luckybsmith
,thora_valdimars
,helenacuesta
,leabonleabon
,dagmarajarzynka
,vikyandthekid
,chodkaya
,linmick
,villwannarot
,lindatol_
,yelimcho_o
,happilygrey
,giorgiatordini
,gabriellamichin
,darjabarannik
,ngoldenberg
,inamariboy
,juliaroberts
,chloebartoli
,evageraldine
,laurinda_ho
,davikah
,aokbab
,kukkaikukkaii
,rumineely
,bellahadid
,haileybieber
,marthahunt
,hostels
,wolfiecindy
,ninasandbech
,emilisindlev
,ariviere
,krisjenner
,georginagio
,katebosworth
,vikagazinskaya
,frackowiakmagdalena
,elaine_zhongchuxi
,kieunse
,irinalakicevic
,oraclefox
,l_t_w_s_
,ireneisgood
,mckennahellam
,margotrobbie
,wendyyu_official
,akimoto_kozue
,vittoceretti
,gullyguyleo
,lea_jul
,oliviaculpo
,emmapeibb
,michele_monique_reis
,stronger917
,nanaouyang
,chen_estelle
,amberheard
,lenaperminova
,lejenke
,daniela_kocianova
,pixiegeldof
,taylorswift
,laisribeiro
,greta_varlese
,sannevloet
,alessandraambrosio
,stellamaxwell
,poydtreechada
,yana_mckillop
,rosiehw
,kourtneykardash
,blancamiro
,justtnic
,oliviabuckingham
,brielarson
,liuwenlw
,songofstyle
,gwenstefani
,vousmevoyez
,gigihadid
,beyonce
,romeestrijd
,feifeisun
,emmaroberts
,mollyaoconnell
,matildadjerf
,cheabjeli
,shailenewoodley
,theempireofthestyle
,russian_style_guide
,rihannadailystyle
,gabriellabrookscloset
,oliviaculpostyle
,baldwinscloset
,inthecelebscloset
,mrchriscampbell
,fashion_critic_
,rihannadailystyle
,sashat_stylist
,ovidiubuta
,styleforhoskelsa
,fashionbombdaily
,ovidiubuta
,closetofhadids
,marthahuntstyle
,theangelcloset
,fashion.ers
,dresslikevanessa
,bellah.closet
,kyliejennersoutfit
,blackpinkwearwhat
,mimi
,stylememaeve
,skriverscloset
,rhwcloset
,romeestrijds_closet
,emmajademorrison
,pablo_patane
,dwjclosett
,dakotajohnsonscloset
,jordiefos
,danixmichelle
,kaiajgerberscloset
,monicarosestyle
,marielhaenn
,elkin
,samanthamcmillen_stylist
,dropsoffashion
,adrianalima
,mileycyrus
,kyliejenner
,luciacuesta_
,kateyoung
,elizabethsulcer
,mingey
,itsmeleighton
,joansmalls
,hannamw
,badgalriri
,beatrice.gutu
,captainmiao
,williamchanwaiting
,juliepelipas
,acpgr
,katie_mossman
,heconghc
,mulan_bae
,louloudesaison
,jennymwalton
,josefinehj
,karenwazenb
,taylor_hill
,anyaziourova
,livvperez
,dana.hourani
,daryakostenich
,hello_kijeong
,nz0502
,mxlunaa
,gildaambrosio
,k_fashion_bags
,kendalljennercloset
,hannah_quinlivan
,moeez
,sorayabakhtiar
,lindalijing
,hesui923
,kristenmarienichols
,pernilleteisbaek
,jializhaozz
,ceciboey
,hannastefansson
,jaylim1
,modedamour
,oksanarim1
,salome.mory
